run_id,method,avg_prefix_depth,std_prefix_depth,recon_mse,runtime_sec,token_ratio,eos_rate,halting_accuracy,success_rate,status,failure_reason,notes,selected_k_distribution
run_0,fixed_k_1,1.0,0.0,0.03087015636265278,0.00017211795784533024,0.125,0.0,0.0,,ok,,,"{""1"": 1.0, ""2"": 0.0, ""4"": 0.0, ""8"": 0.0}"
run_0,fixed_k_2,2.0,0.0,0.01004708744585514,0.00010293291416019201,0.25,0.0,0.33043478260869563,,ok,,,"{""1"": 0.0, ""2"": 1.0, ""4"": 0.0, ""8"": 0.0}"
run_0,fixed_k_4,4.0,0.0,0.00449840584769845,8.9517910964787e-05,0.5,0.0,0.06086956521739131,,ok,,,"{""1"": 0.0, ""2"": 0.0, ""4"": 1.0, ""8"": 0.0}"
run_0,fixed_k_8,8.0,0.0,0.0019222988048568368,0.00018078600987792015,1.0,0.0,0.6086956521739131,,ok,,,"{""1"": 0.0, ""2"": 0.0, ""4"": 0.0, ""8"": 1.0}"
run_0,random_k,4.039130434782609,2.752585998409303,0.010845043696463108,0.0005519200349226594,0.5048913043478261,1.0,0.2565217391304348,,ok,,,"{""1"": 0.2217391304347826, ""2"": 0.23043478260869565, ""4"": 0.2565217391304348, ""8"": 0.29130434782608694}"
run_0,oracle_k,5.773913043478261,2.8132013933231095,0.002127003390341997,8.735491428524256e-05,0.7217391304347827,0.391304347826087,1.0,,ok,,,"{""1"": 0.0, ""2"": 0.33043478260869563, ""4"": 0.06086956521739131, ""8"": 0.6086956521739131}"
run_0,adaptive_halting,5.860869565217391,2.873830821687738,0.0021338858641684055,7.485796231776476e-05,0.7326086956521739,1.0,0.9391304347826087,,ok,,,"{""1"": 0.0, ""2"": 0.3565217391304348, ""4"": 0.0, ""8"": 0.6434782608695652}"
run_1,fixed_k_1,1.0,0.0,0.03193268924951553,0.00011252402327954769,0.125,0.0,0.0,,ok,,,"{""1"": 1.0, ""2"": 0.0, ""4"": 0.0, ""8"": 0.0}"
run_1,fixed_k_2,2.0,0.0,0.009399199858307838,8.86149937286973e-05,0.25,0.0,0.3739130434782609,,ok,,,"{""1"": 0.0, ""2"": 1.0, ""4"": 0.0, ""8"": 0.0}"
run_1,fixed_k_4,4.0,0.0,0.004284646362066269,8.4741972386837e-05,0.5,0.0,0.07391304347826087,,ok,,,"{""1"": 0.0, ""2"": 0.0, ""4"": 1.0, ""8"": 0.0}"
run_1,fixed_k_8,8.0,0.0,0.00185824662912637,8.390797302126884e-05,1.0,0.0,0.5521739130434783,,ok,,,"{""1"": 0.0, ""2"": 0.0, ""4"": 0.0, ""8"": 1.0}"
run_1,random_k,4.056521739130435,2.8163074941670208,0.011447230353951454,0.00014591810759156942,0.5070652173913044,1.0,0.2391304347826087,,ok,,,"{""1"": 0.21304347826086956, ""2"": 0.26956521739130435, ""4"": 0.20869565217391303, ""8"": 0.30869565217391304}"
run_1,oracle_k,5.460869565217391,2.862917200344824,0.0021025154273957014,8.451205212622881e-05,0.6826086956521739,0.44782608695652176,1.0,,ok,,,"{""1"": 0.0, ""2"": 0.3739130434782609, ""4"": 0.07391304347826087, ""8"": 0.5521739130434783}"
run_1,adaptive_halting,5.469565217391304,2.963023541353706,0.0021376467775553465,6.749294698238373e-05,0.683695652173913,1.0,0.9260869565217391,,ok,,,"{""1"": 0.0, ""2"": 0.4217391304347826, ""4"": 0.0, ""8"": 0.5782608695652174}"
run_2,fixed_k_1,1.0,0.0,0.031427349895238876,0.00010552408639341593,0.125,0.0,0.0,,ok,,,"{""1"": 1.0, ""2"": 0.0, ""4"": 0.0, ""8"": 0.0}"
run_2,fixed_k_2,2.0,0.0,0.009928920306265354,8.715305011719465e-05,0.25,0.0,0.3695652173913043,,ok,,,"{""1"": 0.0, ""2"": 1.0, ""4"": 0.0, ""8"": 0.0}"
run_2,fixed_k_4,4.0,0.0,0.0046240887604653835,8.390005677938461e-05,0.5,0.0,0.04782608695652174,,ok,,,"{""1"": 0.0, ""2"": 0.0, ""4"": 1.0, ""8"": 0.0}"
run_2,fixed_k_8,8.0,0.0,0.0020661838352680206,8.510297629982233e-05,1.0,0.0,0.5826086956521739,,ok,,,"{""1"": 0.0, ""2"": 0.0, ""4"": 0.0, ""8"": 1.0}"
run_2,random_k,3.8130434782608695,2.6808182313267697,0.01093058381229639,0.000141461961902678,0.4766304347826087,1.0,0.2782608695652174,,ok,,,"{""1"": 0.23043478260869565, ""2"": 0.2608695652173913, ""4"": 0.25217391304347825, ""8"": 0.2565217391304348}"
run_2,oracle_k,5.591304347826087,2.8753696236466353,0.0022962414659559727,8.44260212033987e-05,0.6989130434782609,0.41739130434782606,1.0,,ok,,,"{""1"": 0.0, ""2"": 0.3695652173913043, ""4"": 0.04782608695652174, ""8"": 0.5826086956521739}"
run_2,adaptive_halting,5.678260869565217,2.9223213705574267,0.0022985676769167185,6.12279400229454e-05,0.7097826086956521,1.0,0.9478260869565217,,ok,,,"{""1"": 0.0, ""2"": 0.3869565217391304, ""4"": 0.0, ""8"": 0.6130434782608696}"
run_3,fixed_k_1,1.0,0.0,0.031012162566184998,0.00011280900798738003,0.125,0.0,0.0,,ok,,,"{""1"": 1.0, ""2"": 0.0, ""4"": 0.0, ""8"": 0.0}"
run_3,fixed_k_2,2.0,0.0,0.010161283425986767,9.059195872396231e-05,0.25,0.0,0.3869565217391304,,ok,,,"{""1"": 0.0, ""2"": 1.0, ""4"": 0.0, ""8"": 0.0}"
run_3,fixed_k_4,4.0,0.0,0.004485722165554762,8.606095798313618e-05,0.5,0.0,0.05217391304347826,,ok,,,"{""1"": 0.0, ""2"": 0.0, ""4"": 1.0, ""8"": 0.0}"
run_3,fixed_k_8,8.0,0.0,0.0019236452644690871,8.50120559334755e-05,1.0,0.0,0.5608695652173913,,ok,,,"{""1"": 0.0, ""2"": 0.0, ""4"": 0.0, ""8"": 1.0}"
run_3,random_k,3.6695652173913045,2.5900201077964957,0.012237576767802238,0.00024585204664617777,0.45869565217391306,1.0,0.2,,ok,,,"{""1"": 0.24347826086956523, ""2"": 0.25217391304347825, ""4"": 0.2782608695652174, ""8"": 0.22608695652173913}"
run_3,oracle_k,5.469565217391304,2.891732560640494,0.002165968297049403,9.200198110193014e-05,0.683695652173913,0.4391304347826087,1.0,,ok,,,"{""1"": 0.0, ""2"": 0.3869565217391304, ""4"": 0.05217391304347826, ""8"": 0.5608695652173913}"
run_3,adaptive_halting,5.530434782608696,2.9290798054365568,0.0021672826260328293,6.745103746652603e-05,0.691304347826087,1.0,0.9565217391304348,,ok,,,"{""1"": 0.0, ""2"": 0.4, ""4"": 0.017391304347826087, ""8"": 0.5826086956521739}"
run_4,fixed_k_1,1.0,0.0,0.03093179687857628,0.00010522000957280397,0.125,0.0,0.0,,ok,,,"{""1"": 1.0, ""2"": 0.0, ""4"": 0.0, ""8"": 0.0}"
run_4,fixed_k_2,2.0,0.0,0.00986942183226347,8.734897710382938e-05,0.25,0.0,0.3521739130434783,,ok,,,"{""1"": 0.0, ""2"": 1.0, ""4"": 0.0, ""8"": 0.0}"
run_4,fixed_k_4,4.0,0.0,0.004430469125509262,8.515897206962109e-05,0.5,0.0,0.04782608695652174,,ok,,,"{""1"": 0.0, ""2"": 0.0, ""4"": 1.0, ""8"": 0.0}"
run_4,fixed_k_8,8.0,0.0,0.0018437979742884636,8.437898941338062e-05,1.0,0.0,0.6,,ok,,,"{""1"": 0.0, ""2"": 0.0, ""4"": 0.0, ""8"": 1.0}"
run_4,random_k,3.8173913043478263,2.6867876688186008,0.01116351131349802,0.00013758998829871416,0.4771739130434783,1.0,0.25217391304347825,,ok,,,"{""1"": 0.24347826086956523, ""2"": 0.2391304347826087, ""4"": 0.2608695652173913, ""8"": 0.2565217391304348}"
run_4,oracle_k,5.695652173913044,2.851922046143247,0.002072132658213377,8.265103679150343e-05,0.7119565217391305,0.4,1.0,,ok,,,"{""1"": 0.0, ""2"": 0.3521739130434783, ""4"": 0.04782608695652174, ""8"": 0.6}"
run_4,adaptive_halting,5.756521739130434,2.885017683158304,0.0020678944420069456,6.923708133399487e-05,0.7195652173913043,1.0,0.9652173913043478,,ok,,,"{""1"": 0.0, ""2"": 0.3652173913043478, ""4"": 0.013043478260869565, ""8"": 0.6217391304347826}"
run_5,fixed_k_1,1.0,0.0,0.029548687860369682,0.00018150999676436186,0.125,0.0,0.0,,ok,,,"{""1"": 1.0, ""2"": 0.0, ""4"": 0.0, ""8"": 0.0}"
run_5,fixed_k_2,2.0,0.0,0.008845696225762367,9.560899343341589e-05,0.25,0.0,0.34347826086956523,,ok,,,"{""1"": 0.0, ""2"": 1.0, ""4"": 0.0, ""8"": 0.0}"
run_5,fixed_k_4,4.0,0.0,0.004320118110626936,8.647202048450708e-05,0.5,0.0,0.07391304347826087,,ok,,,"{""1"": 0.0, ""2"": 0.0, ""4"": 1.0, ""8"": 0.0}"
run_5,fixed_k_8,8.0,0.0,0.001935161417350173,8.93700635060668e-05,1.0,0.0,0.5826086956521739,,ok,,,"{""1"": 0.0, ""2"": 0.0, ""4"": 0.0, ""8"": 1.0}"
run_5,random_k,3.7695652173913046,2.7032886224340666,0.010886458680033684,0.00013740290887653828,0.47119565217391307,1.0,0.27391304347826084,,ok,,,"{""1"": 0.24782608695652175, ""2"": 0.2565217391304348, ""4"": 0.2391304347826087, ""8"": 0.2565217391304348}"
run_5,oracle_k,5.643478260869565,2.8274779185631482,0.0021581239998340607,8.376408368349075e-05,0.7054347826086956,0.41739130434782606,1.0,,ok,,,"{""1"": 0.0, ""2"": 0.34347826086956523, ""4"": 0.07391304347826087, ""8"": 0.5826086956521739}"
run_5,adaptive_halting,5.773913043478261,2.886432639737659,0.002152558881789446,6.05869572609663e-05,0.7217391304347827,1.0,0.9347826086956522,,ok,,,"{""1"": 0.0, ""2"": 0.3652173913043478, ""4"": 0.008695652173913044, ""8"": 0.6260869565217392}"
run_6,fixed_k_1,1.0,0.0,0.03070216439664364,0.00017432402819395065,0.125,0.0,0.0,,ok,,,"{""1"": 1.0, ""2"": 0.0, ""4"": 0.0, ""8"": 0.0}"
run_6,fixed_k_2,2.0,0.0,0.008443215861916542,9.747303556650877e-05,0.25,0.0,0.3739130434782609,,ok,,,"{""1"": 0.0, ""2"": 1.0, ""4"": 0.0, ""8"": 0.0}"
run_6,fixed_k_4,4.0,0.0,0.0038719961885362864,8.882803376764059e-05,0.5,0.0,0.0782608695652174,,ok,,,"{""1"": 0.0, ""2"": 0.0, ""4"": 1.0, ""8"": 0.0}"
run_6,fixed_k_8,8.0,0.0,0.0017384482780471444,8.524500299245119e-05,1.0,0.0,0.5478260869565217,,ok,,,"{""1"": 0.0, ""2"": 0.0, ""4"": 0.0, ""8"": 1.0}"
run_6,random_k,3.973913043478261,2.778679290802416,0.010573295876383781,0.00013727101031690836,0.4967391304347826,1.0,0.24347826086956523,,ok,,,"{""1"": 0.22608695652173913, ""2"": 0.2565217391304348, ""4"": 0.22608695652173913, ""8"": 0.29130434782608694}"
run_6,oracle_k,5.443478260869565,2.859587396044116,0.002004240406677127,9.337801020592451e-05,0.6804347826086956,0.45217391304347826,1.0,,ok,,,"{""1"": 0.0, ""2"": 0.3739130434782609, ""4"": 0.0782608695652174, ""8"": 0.5478260869565217}"
run_6,adaptive_halting,5.539130434782609,2.9393491042915967,0.0020072301849722862,6.40329672023654e-05,0.6923913043478261,1.0,0.9217391304347826,,ok,,,"{""1"": 0.0, ""2"": 0.4043478260869565, ""4"": 0.008695652173913044, ""8"": 0.5869565217391305}"
run_7,fixed_k_1,1.0,0.0,0.030712172389030457,0.00010528299026191235,0.125,0.0,0.0,,ok,,,"{""1"": 1.0, ""2"": 0.0, ""4"": 0.0, ""8"": 0.0}"
run_7,fixed_k_2,2.0,0.0,0.010027051903307438,8.866307325661182e-05,0.25,0.0,0.3565217391304348,,ok,,,"{""1"": 0.0, ""2"": 1.0, ""4"": 0.0, ""8"": 0.0}"
run_7,fixed_k_4,4.0,0.0,0.0044238874688744545,8.462800178676844e-05,0.5,0.0,0.04782608695652174,,ok,,,"{""1"": 0.0, ""2"": 0.0, ""4"": 1.0, ""8"": 0.0}"
run_7,fixed_k_8,8.0,0.0,0.0018116189166903496,8.586293552070856e-05,1.0,0.0,0.5956521739130435,,ok,,,"{""1"": 0.0, ""2"": 0.0, ""4"": 0.0, ""8"": 1.0}"
run_7,random_k,3.891304347826087,2.6948280647708764,0.0109512098133564,0.00013662001583725214,0.48641304347826086,1.0,0.2956521739130435,,ok,,,"{""1"": 0.23043478260869565, ""2"": 0.2391304347826087, ""4"": 0.26521739130434785, ""8"": 0.26521739130434785}"
run_7,oracle_k,5.6695652173913045,2.858159149523966,0.002031800104305148,8.409901056438684e-05,0.7086956521739131,0.4043478260869565,1.0,,ok,,,"{""1"": 0.0, ""2"": 0.3565217391304348, ""4"": 0.04782608695652174, ""8"": 0.5956521739130435}"
run_7,adaptive_halting,5.756521739130434,2.903045789894308,0.0020253651309758425,8.971907664090395e-05,0.7195652173913043,1.0,0.9521739130434783,,ok,,,"{""1"": 0.0, ""2"": 0.3739130434782609, ""4"": 0.0, ""8"": 0.6260869565217392}"
run_8,fixed_k_1,1.0,0.0,0.02940080314874649,0.00010530301369726658,0.125,0.0,0.0,,ok,,,"{""1"": 1.0, ""2"": 0.0, ""4"": 0.0, ""8"": 0.0}"
run_8,fixed_k_2,2.0,0.0,0.008144920691847801,8.861301466822624e-05,0.25,0.0,0.4,,ok,,,"{""1"": 0.0, ""2"": 1.0, ""4"": 0.0, ""8"": 0.0}"
run_8,fixed_k_4,4.0,0.0,0.0037578095216304064,8.545303717255592e-05,0.5,0.0,0.06956521739130435,,ok,,,"{""1"": 0.0, ""2"": 0.0, ""4"": 1.0, ""8"": 0.0}"
run_8,fixed_k_8,8.0,0.0,0.0016940213972702622,8.422392420470715e-05,1.0,0.0,0.5304347826086957,,ok,,,"{""1"": 0.0, ""2"": 0.0, ""4"": 0.0, ""8"": 1.0}"
run_8,random_k,3.534782608695652,2.583578356979727,0.010111247189342976,0.00013585807755589485,0.4418478260869565,1.0,0.23043478260869565,,ok,,,"{""1"": 0.24782608695652175, ""2"": 0.2956521739130435, ""4"": 0.2391304347826087, ""8"": 0.21739130434782608}"
run_8,oracle_k,5.321739130434783,2.8878992698528516,0.0019442042103037238,8.828798308968544e-05,0.6652173913043479,0.46956521739130436,1.0,,ok,,,"{""1"": 0.0, ""2"": 0.4, ""4"": 0.06956521739130435, ""8"": 0.5304347826086957}"
run_8,adaptive_halting,5.3478260869565215,2.973925756392863,0.0019676019437611103,6.378698162734509e-05,0.6684782608695652,1.0,0.9347826086956522,,ok,,,"{""1"": 0.0, ""2"": 0.4391304347826087, ""4"": 0.004347826086956522, ""8"": 0.5565217391304348}"
run_9,fixed_k_1,1.0,0.0,0.030074382200837135,0.0003172920551151037,0.125,0.0,0.0,,ok,,,"{""1"": 1.0, ""2"": 0.0, ""4"": 0.0, ""8"": 0.0}"
run_9,fixed_k_2,2.0,0.0,0.009376867674291134,0.0001864330843091011,0.25,0.0,0.3347826086956522,,ok,,,"{""1"": 0.0, ""2"": 1.0, ""4"": 0.0, ""8"": 0.0}"
run_9,fixed_k_4,4.0,0.0,0.004256749991327524,8.695502765476704e-05,0.5,0.0,0.05652173913043478,,ok,,,"{""1"": 0.0, ""2"": 0.0, ""4"": 1.0, ""8"": 0.0}"
run_9,fixed_k_8,8.0,0.0,0.0018130210228264332,8.530193008482456e-05,1.0,0.0,0.6086956521739131,,ok,,,"{""1"": 0.0, ""2"": 0.0, ""4"": 0.0, ""8"": 1.0}"
run_9,random_k,4.039130434782609,2.7047846704352545,0.010332878679037094,0.0001475370954722166,0.5048913043478261,1.0,0.27391304347826084,,ok,,,"{""1"": 0.2391304347826087, ""2"": 0.1782608695652174, ""4"": 0.30434782608695654, ""8"": 0.2782608695652174}"
run_9,oracle_k,5.765217391304348,2.8217491793215586,0.0020336220040917397,8.619099389761686e-05,0.7206521739130435,0.391304347826087,1.0,,ok,,,"{""1"": 0.0, ""2"": 0.3347826086956522, ""4"": 0.05652173913043478, ""8"": 0.6086956521739131}"
run_9,adaptive_halting,5.843478260869565,2.8729360965299593,0.0020356737077236176,6.280199158936739e-05,0.7304347826086957,1.0,0.9478260869565217,,ok,,,"{""1"": 0.0, ""2"": 0.3565217391304348, ""4"": 0.004347826086956522, ""8"": 0.6391304347826087}"
run_10,fixed_k_1,1.0,0.0,0.029669541865587234,0.00010995403863489628,0.125,0.0,0.0,,ok,,,"{""1"": 1.0, ""2"": 0.0, ""4"": 0.0, ""8"": 0.0}"
run_10,fixed_k_2,2.0,0.0,0.00915378239005804,9.551690891385078e-05,0.25,0.0,0.3521739130434783,,ok,,,"{""1"": 0.0, ""2"": 1.0, ""4"": 0.0, ""8"": 0.0}"
run_10,fixed_k_4,4.0,0.0,0.004118170123547316,8.966203313320875e-05,0.5,0.0,0.06521739130434782,,ok,,,"{""1"": 0.0, ""2"": 0.0, ""4"": 1.0, ""8"": 0.0}"
run_10,fixed_k_8,8.0,0.0,0.001825430546887219,8.812698069959879e-05,1.0,0.0,0.5826086956521739,,ok,,,"{""1"": 0.0, ""2"": 0.0, ""4"": 0.0, ""8"": 1.0}"
run_10,random_k,3.8043478260869565,2.7506486603945,0.010625511407852173,0.0001385470386594534,0.47554347826086957,1.0,0.26521739130434785,,ok,,,"{""1"": 0.24782608695652175, ""2"": 0.26521739130434785, ""4"": 0.21739130434782608, ""8"": 0.26956521739130435}"
run_10,oracle_k,5.626086956521739,2.8436378096442883,0.002056075492873788,8.330994751304388e-05,0.7032608695652174,0.41739130434782606,1.0,,ok,,,"{""1"": 0.0, ""2"": 0.3521739130434783, ""4"": 0.06521739130434782, ""8"": 0.5826086956521739}"
run_10,adaptive_halting,5.7043478260869565,2.9161437104310513,0.002070864662528038,6.131595000624657e-05,0.7130434782608696,1.0,0.9347826086956522,,ok,,,"{""1"": 0.0, ""2"": 0.3826086956521739, ""4"": 0.0, ""8"": 0.6173913043478261}"
run_11,fixed_k_1,1.0,0.0,0.029744980856776237,0.00011826003901660442,0.125,0.0,0.0,,ok,,,"{""1"": 1.0, ""2"": 0.0, ""4"": 0.0, ""8"": 0.0}"
run_11,fixed_k_2,2.0,0.0,0.008535622619092464,9.15030250325799e-05,0.25,0.0,0.391304347826087,,ok,,,"{""1"": 0.0, ""2"": 1.0, ""4"": 0.0, ""8"": 0.0}"
run_11,fixed_k_4,4.0,0.0,0.0039028406608849764,9.749992750585079e-05,0.5,0.0,0.0782608695652174,,ok,,,"{""1"": 0.0, ""2"": 0.0, ""4"": 1.0, ""8"": 0.0}"
run_11,fixed_k_8,8.0,0.0,0.0016639740206301212,0.0007109650177881122,1.0,0.0,0.5304347826086957,,ok,,,"{""1"": 0.0, ""2"": 0.0, ""4"": 0.0, ""8"": 1.0}"
run_11,random_k,3.8347826086956522,2.79574345648526,0.011884479783475399,0.00014223705511540174,0.47934782608695653,1.0,0.26521739130434785,,ok,,,"{""1"": 0.2782608695652174, ""2"": 0.2217391304347826, ""4"": 0.2217391304347826, ""8"": 0.2782608695652174}"
run_11,oracle_k,5.339130434782609,2.8738308216877377,0.0019250063924118876,0.0008795659523457289,0.6673913043478261,0.46956521739130436,1.0,,ok,,,"{""1"": 0.0, ""2"": 0.391304347826087, ""4"": 0.0782608695652174, ""8"": 0.5304347826086957}"
run_11,adaptive_halting,5.391304347826087,2.95677748254505,0.0019395981216803193,8.802791126072407e-05,0.6739130434782609,1.0,0.9260869565217391,,ok,,,"{""1"": 0.0, ""2"": 0.4260869565217391, ""4"": 0.013043478260869565, ""8"": 0.5608695652173913}"
run_12,fixed_k_1,1.0,0.0,0.030556850135326385,0.00010675599332898855,0.125,0.0,0.0,,ok,,,"{""1"": 1.0, ""2"": 0.0, ""4"": 0.0, ""8"": 0.0}"
run_12,fixed_k_2,2.0,0.0,0.008488389663398266,8.805899415165186e-05,0.25,0.0,0.391304347826087,,ok,,,"{""1"": 0.0, ""2"": 1.0, ""4"": 0.0, ""8"": 0.0}"
run_12,fixed_k_4,4.0,0.0,0.00385288312099874,8.557701949030161e-05,0.5,0.0,0.06956521739130435,,ok,,,"{""1"": 0.0, ""2"": 0.0, ""4"": 1.0, ""8"": 0.0}"
run_12,fixed_k_8,8.0,0.0,0.0015558062586933374,8.4556988440454e-05,1.0,0.0,0.5391304347826087,,ok,,,"{""1"": 0.0, ""2"": 0.0, ""4"": 0.0, ""8"": 1.0}"
run_12,random_k,4.078260869565217,2.7964195309031576,0.010331941768527031,0.0001356089487671852,0.5097826086956522,1.0,0.24782608695652175,,ok,,,"{""1"": 0.22608695652173913, ""2"": 0.23043478260869565, ""4"": 0.2391304347826087, ""8"": 0.30434782608695654}"
run_12,oracle_k,5.373913043478261,2.881608456537146,0.0018160981126129627,9.212899021804333e-05,0.6717391304347826,0.4608695652173913,1.0,,ok,,,"{""1"": 0.0, ""2"": 0.391304347826087, ""4"": 0.06956521739130435, ""8"": 0.5391304347826087}"
run_12,adaptive_halting,5.434782608695652,2.956585677057998,0.0018249166896566749,6.194901652634144e-05,0.6793478260869565,1.0,0.9391304347826087,,ok,,,"{""1"": 0.0, ""2"": 0.4217391304347826, ""4"": 0.008695652173913044, ""8"": 0.5695652173913044}"
run_13,fixed_k_1,1.0,0.0,0.0322808213531971,0.001244598999619484,0.125,0.0,0.0,,ok,,,"{""1"": 1.0, ""2"": 0.0, ""4"": 0.0, ""8"": 0.0}"
run_13,fixed_k_2,2.0,0.0,0.009345409460365772,9.084597695618868e-05,0.25,0.0,0.3739130434782609,,ok,,,"{""1"": 0.0, ""2"": 1.0, ""4"": 0.0, ""8"": 0.0}"
run_13,fixed_k_4,4.0,0.0,0.00403297133743763,9.693799074739218e-05,0.5,0.0,0.06956521739130435,,ok,,,"{""1"": 0.0, ""2"": 0.0, ""4"": 1.0, ""8"": 0.0}"
run_13,fixed_k_8,8.0,0.0,0.0016437520971521735,0.00015207601245492697,1.0,0.0,0.5565217391304348,,ok,,,"{""1"": 0.0, ""2"": 0.0, ""4"": 0.0, ""8"": 1.0}"
run_13,random_k,4.047826086956522,2.6965952067161822,0.010293056257069111,0.00014449795708060265,0.5059782608695652,1.0,0.24347826086956523,,ok,,,"{""1"": 0.1956521739130435, ""2"": 0.24782608695652175, ""4"": 0.27391304347826084, ""8"": 0.2826086956521739}"
run_13,oracle_k,5.478260869565218,2.866137610358632,0.0018936758860945702,8.56249826028943e-05,0.6847826086956522,0.4434782608695652,1.0,,ok,,,"{""1"": 0.0, ""2"": 0.3739130434782609, ""4"": 0.06956521739130435, ""8"": 0.5565217391304348}"
run_13,adaptive_halting,5.608695652173913,2.9316730708469056,0.0018888665363192558,6.458407733589411e-05,0.7010869565217391,1.0,0.9217391304347826,,ok,,,"{""1"": 0.0, ""2"": 0.39565217391304347, ""4"": 0.004347826086956522, ""8"": 0.6}"
run_14,fixed_k_1,1.0,0.0,0.02899019420146942,0.00010596401989459991,0.125,0.0,0.0,,ok,,,"{""1"": 1.0, ""2"": 0.0, ""4"": 0.0, ""8"": 0.0}"
run_14,fixed_k_2,2.0,0.0,0.009490516036748886,9.092595428228378e-05,0.25,0.0,0.3347826086956522,,ok,,,"{""1"": 0.0, ""2"": 1.0, ""4"": 0.0, ""8"": 0.0}"
run_14,fixed_k_4,4.0,0.0,0.0043653519824147224,8.533801883459091e-05,0.5,0.0,0.0782608695652174,,ok,,,"{""1"": 0.0, ""2"": 0.0, ""4"": 1.0, ""8"": 0.0}"
run_14,fixed_k_8,8.0,0.0,0.002101859077811241,8.531904313713312e-05,1.0,0.0,0.5869565217391305,,ok,,,"{""1"": 0.0, ""2"": 0.0, ""4"": 0.0, ""8"": 1.0}"
run_14,random_k,3.760869565217391,2.846697419884676,0.012493886053562164,0.00013609393499791622,0.4701086956521739,1.0,0.28695652173913044,,ok,,,"{""1"": 0.3, ""2"": 0.23478260869565218, ""4"": 0.1826086956521739, ""8"": 0.2826086956521739}"
run_14,oracle_k,5.678260869565217,2.81316107542652,0.002324032597243786,8.187198545783758e-05,0.7097826086956521,0.41304347826086957,1.0,,ok,,,"{""1"": 0.0, ""2"": 0.3347826086956522, ""4"": 0.0782608695652174, ""8"": 0.5869565217391305}"
run_14,adaptive_halting,5.791304347826087,2.8877421665404754,0.0023329160176217556,6.488896906375885e-05,0.7239130434782609,1.0,0.9173913043478261,,ok,,,"{""1"": 0.0, ""2"": 0.3652173913043478, ""4"": 0.004347826086956522, ""8"": 0.6304347826086957}"
run_15,fixed_k_1,1.0,0.0,0.0310831256210804,0.00010759301949292421,0.125,0.0,0.0,,ok,,,"{""1"": 1.0, ""2"": 0.0, ""4"": 0.0, ""8"": 0.0}"
run_15,fixed_k_2,2.0,0.0,0.010484801605343819,8.932198397815228e-05,0.25,0.0,0.2956521739130435,,ok,,,"{""1"": 0.0, ""2"": 1.0, ""4"": 0.0, ""8"": 0.0}"
run_15,fixed_k_4,4.0,0.0,0.0046052890829741955,8.569692727178335e-05,0.5,0.0,0.04782608695652174,,ok,,,"{""1"": 0.0, ""2"": 0.0, ""4"": 1.0, ""8"": 0.0}"
run_15,fixed_k_8,8.0,0.0,0.001825476996600628,8.643500041216612e-05,1.0,0.0,0.6565217391304348,,ok,,,"{""1"": 0.0, ""2"": 0.0, ""4"": 0.0, ""8"": 1.0}"
run_15,random_k,3.869565217391304,2.7043338459026316,0.011083540506660938,0.00013754901010543108,0.483695652173913,1.0,0.27391304347826084,,ok,,,"{""1"": 0.23478260869565218, ""2"": 0.24347826086956523, ""4"": 0.2565217391304348, ""8"": 0.26521739130434785}"
run_15,oracle_k,6.034782608695652,2.747110528735392,0.0019968582782894373,8.408201392740011e-05,0.7543478260869565,0.34347826086956523,1.0,,ok,,,"{""1"": 0.0, ""2"": 0.2956521739130435, ""4"": 0.04782608695652174, ""8"": 0.6565217391304348}"
run_15,adaptive_halting,6.043478260869565,2.8126772155888466,0.0020178197883069515,6.506603676825762e-05,0.7554347826086957,1.0,0.9521739130434783,,ok,,,"{""1"": 0.0, ""2"": 0.32608695652173914, ""4"": 0.0, ""8"": 0.6739130434782609}"
run_16,fixed_k_1,1.0,0.0,0.02988644875586033,0.00010484596714377403,0.125,0.0,0.0,,ok,,,"{""1"": 1.0, ""2"": 0.0, ""4"": 0.0, ""8"": 0.0}"
run_16,fixed_k_2,2.0,0.0,0.008808097802102566,8.969893679022789e-05,0.25,0.0,0.3391304347826087,,ok,,,"{""1"": 0.0, ""2"": 1.0, ""4"": 0.0, ""8"": 0.0}"
run_16,fixed_k_4,4.0,0.0,0.00404167827218771,8.700392208993435e-05,0.5,0.0,0.0782608695652174,,ok,,,"{""1"": 0.0, ""2"": 0.0, ""4"": 1.0, ""8"": 0.0}"
run_16,fixed_k_8,8.0,0.0,0.0017418457427993417,0.00010322697926312685,1.0,0.0,0.5826086956521739,,ok,,,"{""1"": 0.0, ""2"": 0.0, ""4"": 0.0, ""8"": 1.0}"
run_16,random_k,3.626086956521739,2.689628613655626,0.012529578059911728,0.00015531200915575027,0.4532608695652174,1.0,0.2565217391304348,,ok,,,"{""1"": 0.2956521739130435, ""2"": 0.2217391304347826, ""4"": 0.24347826086956523, ""8"": 0.2391304347826087}"
run_16,oracle_k,5.6521739130434785,2.8193230092743575,0.0019713803194463253,9.223492816090584e-05,0.7065217391304348,0.41739130434782606,1.0,,ok,,,"{""1"": 0.0, ""2"": 0.3391304347826087, ""4"": 0.0782608695652174, ""8"": 0.5826086956521739}"
run_16,adaptive_halting,5.817391304347826,2.8804667758682636,0.0019538910128176212,0.00019727100152522326,0.7271739130434782,1.0,0.9260869565217391,,ok,,,"{""1"": 0.0, ""2"": 0.36086956521739133, ""4"": 0.004347826086956522, ""8"": 0.6347826086956522}"
run_17,fixed_k_1,1.0,0.0,0.03140899911522865,0.0001120209926739335,0.125,0.0,0.0,,ok,,,"{""1"": 1.0, ""2"": 0.0, ""4"": 0.0, ""8"": 0.0}"
run_17,fixed_k_2,2.0,0.0,0.009342171251773834,0.00033427600283175707,0.25,0.0,0.36086956521739133,,ok,,,"{""1"": 0.0, ""2"": 1.0, ""4"": 0.0, ""8"": 0.0}"
run_17,fixed_k_4,4.0,0.0,0.004345869179815054,0.00025240902323275805,0.5,0.0,0.08695652173913043,,ok,,,"{""1"": 0.0, ""2"": 0.0, ""4"": 1.0, ""8"": 0.0}"
run_17,fixed_k_8,8.0,0.0,0.0019592191092669964,0.00023892801254987717,1.0,0.0,0.5521739130434783,,ok,,,"{""1"": 0.0, ""2"": 0.0, ""4"": 0.0, ""8"": 1.0}"
run_17,random_k,3.4782608695652173,2.5103189684283986,0.012640579603612423,0.00014501402620226145,0.43478260869565216,1.0,0.2391304347826087,,ok,,,"{""1"": 0.2782608695652174, ""2"": 0.23478260869565218, ""4"": 0.29130434782608694, ""8"": 0.1956521739130435}"
run_17,oracle_k,5.48695652173913,2.8402854032689544,0.0022026568185538054,9.153492283076048e-05,0.6858695652173913,0.44782608695652176,1.0,,ok,,,"{""1"": 0.0, ""2"": 0.36086956521739133, ""4"": 0.08695652173913043, ""8"": 0.5521739130434783}"
run_17,adaptive_halting,5.6,2.939387691339814,0.0022089232224971056,6.261502858251333e-05,0.7,1.0,0.9130434782608695,,ok,,,"{""1"": 0.0, ""2"": 0.4, ""4"": 0.0, ""8"": 0.6}"
run_18,fixed_k_1,1.0,0.0,0.032025061547756195,0.00010852108243852854,0.125,0.0,0.0,,ok,,,"{""1"": 1.0, ""2"": 0.0, ""4"": 0.0, ""8"": 0.0}"
run_18,fixed_k_2,2.0,0.0,0.009573157876729965,8.931895717978477e-05,0.25,0.0,0.3695652173913043,,ok,,,"{""1"": 0.0, ""2"": 1.0, ""4"": 0.0, ""8"": 0.0}"
run_18,fixed_k_4,4.0,0.0,0.004166135098785162,8.72880918905139e-05,0.5,0.0,0.05217391304347826,,ok,,,"{""1"": 0.0, ""2"": 0.0, ""4"": 1.0, ""8"": 0.0}"
run_18,fixed_k_8,8.0,0.0,0.0016672494821250439,0.00010832806583493948,1.0,0.0,0.5782608695652174,,ok,,,"{""1"": 0.0, ""2"": 0.0, ""4"": 0.0, ""8"": 1.0}"
run_18,random_k,3.9956521739130433,2.6531323998607617,0.010959728620946407,0.0001416780287399888,0.4994565217391304,1.0,0.23478260869565218,,ok,,,"{""1"": 0.2217391304347826, ""2"": 0.2, ""4"": 0.3130434782608696, ""8"": 0.26521739130434785}"
run_18,oracle_k,5.573913043478261,2.87284397665061,0.0019105352694168687,8.500798139721155e-05,0.6967391304347826,0.4217391304347826,1.0,,ok,,,"{""1"": 0.0, ""2"": 0.3695652173913043, ""4"": 0.05217391304347826, ""8"": 0.5782608695652174}"
run_18,adaptive_halting,5.643478260869565,2.918282116313804,0.001915551838465035,6.196205504238605e-05,0.7054347826086956,1.0,0.9478260869565217,,ok,,,"{""1"": 0.0, ""2"": 0.3869565217391304, ""4"": 0.008695652173913044, ""8"": 0.6043478260869565}"
run_19,fixed_k_1,1.0,0.0,0.02945566177368164,0.00011096498928964138,0.125,0.0,0.0,,ok,,,"{""1"": 1.0, ""2"": 0.0, ""4"": 0.0, ""8"": 0.0}"
run_19,fixed_k_2,2.0,0.0,0.008425284177064896,8.945201989263296e-05,0.25,0.0,0.391304347826087,,ok,,,"{""1"": 0.0, ""2"": 1.0, ""4"": 0.0, ""8"": 0.0}"
run_19,fixed_k_4,4.0,0.0,0.004004395101219416,0.0001661420101299882,0.5,0.0,0.06521739130434782,,ok,,,"{""1"": 0.0, ""2"": 0.0, ""4"": 1.0, ""8"": 0.0}"
run_19,fixed_k_8,8.0,0.0,0.0017869439907371998,9.114295244216919e-05,1.0,0.0,0.5434782608695652,,ok,,,"{""1"": 0.0, ""2"": 0.0, ""4"": 0.0, ""8"": 1.0}"
run_19,random_k,3.8260869565217392,2.615209259447403,0.010604415088891983,0.0001392710255458951,0.4782608695652174,1.0,0.2565217391304348,,ok,,,"{""1"": 0.22608695652173913, ""2"": 0.23478260869565218, ""4"": 0.2956521739130435, ""8"": 0.24347826086956523}"
run_19,oracle_k,5.391304347826087,2.885332177919488,0.002043007640168071,8.443102706223726e-05,0.6739130434782609,0.45652173913043476,1.0,,ok,,,"{""1"": 0.0, ""2"": 0.391304347826087, ""4"": 0.06521739130434782, ""8"": 0.5434782608695652}"
run_19,adaptive_halting,5.547826086956522,2.9495570139344496,0.002025464316830039,8.262600749731064e-05,0.6934782608695652,1.0,0.9347826086956522,,ok,,,"{""1"": 0.0, ""2"": 0.40869565217391307, ""4"": 0.0, ""8"": 0.591304347826087}"
run_20,fixed_k_1,1.0,0.0,0.03172050788998604,0.00011264299973845482,0.125,0.0,0.0,,ok,,,"{""1"": 1.0, ""2"": 0.0, ""4"": 0.0, ""8"": 0.0}"
run_20,fixed_k_2,2.0,0.0,0.009748870506882668,0.00010019901674240828,0.25,0.0,0.32608695652173914,,ok,,,"{""1"": 0.0, ""2"": 1.0, ""4"": 0.0, ""8"": 0.0}"
run_20,fixed_k_4,4.0,0.0,0.004431323613971472,8.906109724193811e-05,0.5,0.0,0.06521739130434782,,ok,,,"{""1"": 0.0, ""2"": 0.0, ""4"": 1.0, ""8"": 0.0}"
run_20,fixed_k_8,8.0,0.0,0.0018635938176885247,8.598202839493752e-05,1.0,0.0,0.6086956521739131,,ok,,,"{""1"": 0.0, ""2"": 0.0, ""4"": 0.0, ""8"": 1.0}"
run_20,random_k,3.5478260869565217,2.5833698190402714,0.01250464841723442,0.00013736693654209375,0.4434782608695652,1.0,0.27391304347826084,,ok,,,"{""1"": 0.25217391304347825, ""2"": 0.2826086956521739, ""4"": 0.24782608695652175, ""8"": 0.21739130434782608}"
run_20,oracle_k,5.782608695652174,2.804600595281763,0.0020663284230977297,8.325697854161263e-05,0.7228260869565217,0.391304347826087,1.0,,ok,,,"{""1"": 0.0, ""2"": 0.32608695652173914, ""4"": 0.06521739130434782, ""8"": 0.6086956521739131}"
run_20,adaptive_halting,5.808695652173913,2.8889464069371398,0.0020967174787074327,6.401003338396549e-05,0.7260869565217392,1.0,0.9347826086956522,,ok,,,"{""1"": 0.0, ""2"": 0.3652173913043478, ""4"": 0.0, ""8"": 0.6347826086956522}"
run_21,fixed_k_1,1.0,0.0,0.029200773686170578,0.00010790396481752396,0.125,0.0,0.0,,ok,,,"{""1"": 1.0, ""2"": 0.0, ""4"": 0.0, ""8"": 0.0}"
run_21,fixed_k_2,2.0,0.0,0.008219012059271336,0.00010048795957118273,0.25,0.0,0.40869565217391307,,ok,,,"{""1"": 0.0, ""2"": 1.0, ""4"": 0.0, ""8"": 0.0}"
run_21,fixed_k_4,4.0,0.0,0.003749055555090308,8.841301314532757e-05,0.5,0.0,0.04782608695652174,,ok,,,"{""1"": 0.0, ""2"": 0.0, ""4"": 1.0, ""8"": 0.0}"
run_21,fixed_k_8,8.0,0.0,0.0015691161388531327,0.00018061907030642033,1.0,0.0,0.5434782608695652,,ok,,,"{""1"": 0.0, ""2"": 0.0, ""4"": 0.0, ""8"": 1.0}"
run_21,random_k,3.765217391304348,2.6583107901614604,0.010271092876791954,0.0003706099232658744,0.4706521739130435,1.0,0.2217391304347826,,ok,,,"{""1"": 0.23478260869565218, ""2"": 0.2608695652173913, ""4"": 0.2565217391304348, ""8"": 0.24782608695652175}"
run_21,oracle_k,5.356521739130435,2.913809114179451,0.0018201922066509724,9.056704584509134e-05,0.6695652173913044,0.45652173913043476,1.0,,ok,,,"{""1"": 0.0, ""2"": 0.40869565217391307, ""4"": 0.04782608695652174, ""8"": 0.5434782608695652}"
run_21,adaptive_halting,5.426086956521739,2.9637252397593117,0.0018190363189205527,7.49420141801238e-05,0.6782608695652174,1.0,0.9565217391304348,,ok,,,"{""1"": 0.0, ""2"": 0.4260869565217391, ""4"": 0.004347826086956522, ""8"": 0.5695652173913044}"
run_22,fixed_k_1,1.0,0.0,0.03141428902745247,0.00010673305951058865,0.125,0.0,0.0,,ok,,,"{""1"": 1.0, ""2"": 0.0, ""4"": 0.0, ""8"": 0.0}"
run_22,fixed_k_2,2.0,0.0,0.009731985628604889,8.837692439556122e-05,0.25,0.0,0.3695652173913043,,ok,,,"{""1"": 0.0, ""2"": 1.0, ""4"": 0.0, ""8"": 0.0}"
run_22,fixed_k_4,4.0,0.0,0.004336456768214703,8.565699681639671e-05,0.5,0.0,0.06086956521739131,,ok,,,"{""1"": 0.0, ""2"": 0.0, ""4"": 1.0, ""8"": 0.0}"
run_22,fixed_k_8,8.0,0.0,0.0018610176630318165,8.475803770124912e-05,1.0,0.0,0.5695652173913044,,ok,,,"{""1"": 0.0, ""2"": 0.0, ""4"": 0.0, ""8"": 1.0}"
run_22,random_k,3.7869565217391306,2.6691155264922153,0.011783498339354992,0.00013800198212265968,0.4733695652173913,1.0,0.23478260869565218,,ok,,,"{""1"": 0.23043478260869565, ""2"": 0.26521739130434785, ""4"": 0.25217391304347825, ""8"": 0.25217391304347825}"
run_22,oracle_k,5.539130434782609,2.8674695905191365,0.002113696886226535,8.392997551709414e-05,0.6923913043478261,0.43043478260869567,1.0,,ok,,,"{""1"": 0.0, ""2"": 0.3695652173913043, ""4"": 0.06086956521739131, ""8"": 0.5695652173913044}"
run_22,adaptive_halting,5.7043478260869565,2.916143710431051,0.002094070892781019,6.134703289717436e-05,0.7130434782608696,1.0,0.9391304347826087,,ok,,,"{""1"": 0.0, ""2"": 0.3826086956521739, ""4"": 0.0, ""8"": 0.6173913043478261}"
run_23,fixed_k_1,1.0,0.0,0.03148079290986061,0.0001159899402409792,0.125,0.0,0.0,,ok,,,"{""1"": 1.0, ""2"": 0.0, ""4"": 0.0, ""8"": 0.0}"
run_23,fixed_k_2,2.0,0.0,0.009468169882893562,0.000373012968339026,0.25,0.0,0.3391304347826087,,ok,,,"{""1"": 0.0, ""2"": 1.0, ""4"": 0.0, ""8"": 0.0}"
run_23,fixed_k_4,4.0,0.0,0.004575856029987335,9.541993495076895e-05,0.5,0.0,0.06521739130434782,,ok,,,"{""1"": 0.0, ""2"": 0.0, ""4"": 1.0, ""8"": 0.0}"
run_23,fixed_k_8,8.0,0.0,0.0018503452884033322,8.842803072184324e-05,1.0,0.0,0.5956521739130435,,ok,,,"{""1"": 0.0, ""2"": 0.0, ""4"": 0.0, ""8"": 1.0}"
run_23,random_k,3.591304347826087,2.6683186439466464,0.013062072917819023,0.00014790694694966078,0.4489130434782609,1.0,0.26521739130434785,,ok,,,"{""1"": 0.2782608695652174, ""2"": 0.2565217391304348, ""4"": 0.23043478260869565, ""8"": 0.23478260869565218}"
run_23,oracle_k,5.7043478260869565,2.8252707851552556,0.002058980753645301,8.547992911189795e-05,0.7130434782608696,0.4043478260869565,1.0,,ok,,,"{""1"": 0.0, ""2"": 0.3391304347826087, ""4"": 0.06521739130434782, ""8"": 0.5956521739130435}"
run_23,adaptive_halting,5.660869565217391,2.9203542266433575,0.002099541714414954,6.209092680364847e-05,0.7076086956521739,1.0,0.9391304347826087,,ok,,,"{""1"": 0.0, ""2"": 0.3869565217391304, ""4"": 0.004347826086956522, ""8"": 0.6086956521739131}"
run_24,fixed_k_1,1.0,0.0,0.029237966984510422,0.00010701408609747887,0.125,0.0,0.0,,ok,,,"{""1"": 1.0, ""2"": 0.0, ""4"": 0.0, ""8"": 0.0}"
run_24,fixed_k_2,2.0,0.0,0.00901726447045803,0.00026607001200318336,0.25,0.0,0.34347826086956523,,ok,,,"{""1"": 0.0, ""2"": 1.0, ""4"": 0.0, ""8"": 0.0}"
run_24,fixed_k_4,4.0,0.0,0.004168607294559479,8.980499114841223e-05,0.5,0.0,0.05652173913043478,,ok,,,"{""1"": 0.0, ""2"": 0.0, ""4"": 1.0, ""8"": 0.0}"
run_24,fixed_k_8,8.0,0.0,0.001812563044950366,9.5873954705894e-05,1.0,0.0,0.6,,ok,,,"{""1"": 0.0, ""2"": 0.0, ""4"": 0.0, ""8"": 1.0}"
run_24,random_k,3.6739130434782608,2.581323791037787,0.010492059402167797,0.0001406259834766388,0.4592391304347826,1.0,0.2565217391304348,,ok,,,"{""1"": 0.23043478260869565, ""2"": 0.26956521739130435, ""4"": 0.27391304347826084, ""8"": 0.22608695652173913}"
run_24,oracle_k,5.71304347826087,2.8353827052209657,0.0020292226690799,8.349807467311621e-05,0.7141304347826087,0.4,1.0,,ok,,,"{""1"": 0.0, ""2"": 0.34347826086956523, ""4"": 0.05652173913043478, ""8"": 0.6}"
run_24,adaptive_halting,5.8,2.8793115119084804,0.00203012116253376,7.124501280486584e-05,0.725,1.0,0.9434782608695652,,ok,,,"{""1"": 0.0, ""2"": 0.36086956521739133, ""4"": 0.008695652173913044, ""8"": 0.6304347826086957}"
run_25,fixed_k_1,1.0,0.0,0.03265545144677162,0.004603649955242872,0.125,0.0,0.0,,ok,,,"{""1"": 1.0, ""2"": 0.0, ""4"": 0.0, ""8"": 0.0}"
run_25,fixed_k_2,2.0,0.0,0.009767826646566391,9.802298154681921e-05,0.25,0.0,0.34347826086956523,,ok,,,"{""1"": 0.0, ""2"": 1.0, ""4"": 0.0, ""8"": 0.0}"
run_25,fixed_k_4,4.0,0.0,0.0043058330193161964,8.697004523128271e-05,0.5,0.0,0.05652173913043478,,ok,,,"{""1"": 0.0, ""2"": 0.0, ""4"": 1.0, ""8"": 0.0}"
run_25,fixed_k_8,8.0,0.0,0.0018429405754432082,8.49610660225153e-05,1.0,0.0,0.6,,ok,,,"{""1"": 0.0, ""2"": 0.0, ""4"": 0.0, ""8"": 1.0}"
run_25,random_k,3.526086956521739,2.625413821013556,0.013697448186576366,0.00015339406672865152,0.4407608695652174,1.0,0.21739130434782608,,ok,,,"{""1"": 0.2826086956521739, ""2"": 0.2565217391304348, ""4"": 0.2391304347826087, ""8"": 0.2217391304347826}"
run_25,oracle_k,5.71304347826087,2.8353827052209657,0.0020522591657936573,8.549506310373545e-05,0.7141304347826087,0.4,1.0,,ok,,,"{""1"": 0.0, ""2"": 0.34347826086956523, ""4"": 0.05652173913043478, ""8"": 0.6}"
run_25,adaptive_halting,5.756521739130434,2.903045789894308,0.0020674176048487425,6.210897117853165e-05,0.7195652173913043,1.0,0.9434782608695652,,ok,,,"{""1"": 0.0, ""2"": 0.3739130434782609, ""4"": 0.0, ""8"": 0.6260869565217392}"
run_26,fixed_k_1,1.0,0.0,0.028496356680989265,0.0001076629851013422,0.125,0.0,0.0,,ok,,,"{""1"": 1.0, ""2"": 0.0, ""4"": 0.0, ""8"": 0.0}"
run_26,fixed_k_2,2.0,0.0,0.007812380790710449,8.869601879268885e-05,0.25,0.0,0.3652173913043478,,ok,,,"{""1"": 0.0, ""2"": 1.0, ""4"": 0.0, ""8"": 0.0}"
run_26,fixed_k_4,4.0,0.0,0.0037563403602689505,8.585304021835327e-05,0.5,0.0,0.05652173913043478,,ok,,,"{""1"": 0.0, ""2"": 0.0, ""4"": 1.0, ""8"": 0.0}"
run_26,fixed_k_8,8.0,0.0,0.001569782616570592,8.496490772813559e-05,1.0,0.0,0.5782608695652174,,ok,,,"{""1"": 0.0, ""2"": 0.0, ""4"": 0.0, ""8"": 1.0}"
run_26,random_k,3.8217391304347825,2.7168486414673017,0.010678027756512165,0.00014047196600586176,0.4777173913043478,1.0,0.2565217391304348,,ok,,,"{""1"": 0.26521739130434785, ""2"": 0.21304347826086956, ""4"": 0.2608695652173913, ""8"": 0.2608695652173913}"
run_26,oracle_k,5.582608695652174,2.8650293532016375,0.001805659499950707,8.414604235440493e-05,0.6978260869565217,0.4217391304347826,1.0,,ok,,,"{""1"": 0.0, ""2"": 0.3652173913043478, ""4"": 0.05652173913043478, ""8"": 0.5782608695652174}"
run_26,adaptive_halting,5.6173913043478265,2.923912235332036,0.001817901968024671,0.00015322596300393343,0.7021739130434783,1.0,0.9434782608695652,,ok,,,"{""1"": 0.0, ""2"": 0.391304347826087, ""4"": 0.008695652173913044, ""8"": 0.6}"
run_27,fixed_k_1,1.0,0.0,0.029200132936239243,0.00010821002069860697,0.125,0.0,0.0,,ok,,,"{""1"": 1.0, ""2"": 0.0, ""4"": 0.0, ""8"": 0.0}"
run_27,fixed_k_2,2.0,0.0,0.009251382201910019,8.91790259629488e-05,0.25,0.0,0.3217391304347826,,ok,,,"{""1"": 0.0, ""2"": 1.0, ""4"": 0.0, ""8"": 0.0}"
run_27,fixed_k_4,4.0,0.0,0.004231472034007311,8.609099313616753e-05,0.5,0.0,0.05217391304347826,,ok,,,"{""1"": 0.0, ""2"": 0.0, ""4"": 1.0, ""8"": 0.0}"
run_27,fixed_k_8,8.0,0.0,0.0018187649548053741,8.619495201855898e-05,1.0,0.0,0.6260869565217392,,ok,,,"{""1"": 0.0, ""2"": 0.0, ""4"": 0.0, ""8"": 1.0}"
run_27,random_k,3.782608695652174,2.6971244226451128,0.01128267589956522,0.0001827380619943142,0.47282608695652173,1.0,0.2391304347826087,,ok,,,"{""1"": 0.2782608695652174, ""2"": 0.1956521739130435, ""4"": 0.27391304347826084, ""8"": 0.25217391304347825}"
run_27,oracle_k,5.860869565217391,2.8002700382881995,0.0020245984196662903,0.0002142390003427863,0.7326086956521739,0.3739130434782609,1.0,,ok,,,"{""1"": 0.0, ""2"": 0.3217391304347826, ""4"": 0.05217391304347826, ""8"": 0.6260869565217392}"
run_27,adaptive_halting,5.913043478260869,2.8576829087226057,0.0020338145550340414,6.522994954138994e-05,0.7391304347826086,1.0,0.9478260869565217,,ok,,,"{""1"": 0.0, ""2"": 0.34782608695652173, ""4"": 0.0, ""8"": 0.6521739130434783}"
run_28,fixed_k_1,1.0,0.0,0.028722865507006645,0.00010861502960324287,0.125,0.0,0.0,,ok,,,"{""1"": 1.0, ""2"": 0.0, ""4"": 0.0, ""8"": 0.0}"
run_28,fixed_k_2,2.0,0.0,0.008746466599404812,9.13150142878294e-05,0.25,0.0,0.36086956521739133,,ok,,,"{""1"": 0.0, ""2"": 1.0, ""4"": 0.0, ""8"": 0.0}"
run_28,fixed_k_4,4.0,0.0,0.003858197247609496,8.687097579240799e-05,0.5,0.0,0.06086956521739131,,ok,,,"{""1"": 0.0, ""2"": 0.0, ""4"": 1.0, ""8"": 0.0}"
run_28,fixed_k_8,8.0,0.0,0.0016716227401047945,8.490798063576221e-05,1.0,0.0,0.5782608695652174,,ok,,,"{""1"": 0.0, ""2"": 0.0, ""4"": 0.0, ""8"": 1.0}"
run_28,random_k,4.104347826086957,2.7532555055818944,0.009355958551168442,0.00013797299470752478,0.5130434782608696,1.0,0.26956521739130435,,ok,,,"{""1"": 0.2, ""2"": 0.24782608695652175, ""4"": 0.25217391304347825, ""8"": 0.3}"
run_28,oracle_k,5.591304347826087,2.857166891608335,0.0018962228205054998,0.00010882096830755472,0.6989130434782609,0.4217391304347826,1.0,,ok,,,"{""1"": 0.0, ""2"": 0.36086956521739133, ""4"": 0.06086956521739131, ""8"": 0.5782608695652174}"
run_28,adaptive_halting,5.678260869565217,2.9223213705574262,0.0018983336631208658,6.123108323663473e-05,0.7097826086956521,1.0,0.9391304347826087,,ok,,,"{""1"": 0.0, ""2"": 0.3869565217391304, ""4"": 0.0, ""8"": 0.6130434782608696}"
run_29,fixed_k_1,1.0,0.0,0.031065938994288445,0.00017182098235934973,0.125,0.0,0.0,,ok,,,"{""1"": 1.0, ""2"": 0.0, ""4"": 0.0, ""8"": 0.0}"
run_29,fixed_k_2,2.0,0.0,0.010155623778700829,0.0029643919551745057,0.25,0.0,0.3173913043478261,,ok,,,"{""1"": 0.0, ""2"": 1.0, ""4"": 0.0, ""8"": 0.0}"
run_29,fixed_k_4,4.0,0.0,0.004587743431329727,9.264994878321886e-05,0.5,0.0,0.06086956521739131,,ok,,,"{""1"": 0.0, ""2"": 0.0, ""4"": 1.0, ""8"": 0.0}"
run_29,fixed_k_8,8.0,0.0,0.001990061718970537,8.660904131829739e-05,1.0,0.0,0.6217391304347826,,ok,,,"{""1"": 0.0, ""2"": 0.0, ""4"": 0.0, ""8"": 1.0}"
run_29,random_k,3.717391304347826,2.6983331688950436,0.012121287174522877,0.00014551100321114063,0.46467391304347827,1.0,0.24782608695652175,,ok,,,"{""1"": 0.2826086956521739, ""2"": 0.21304347826086956, ""4"": 0.2565217391304348, ""8"": 0.24782608695652175}"
run_29,oracle_k,5.852173913043479,2.7904915517143274,0.0021819642279297113,8.637201972305775e-05,0.7315217391304348,0.3782608695652174,1.0,,ok,,,"{""1"": 0.0, ""2"": 0.3173913043478261, ""4"": 0.06086956521739131, ""8"": 0.6217391304347826}"
run_29,adaptive_halting,5.878260869565217,2.856412545064043,0.002208690857514739,7.484504021704197e-05,0.7347826086956522,1.0,0.9304347826086956,,ok,,,"{""1"": 0.0, ""2"": 0.34782608695652173, ""4"": 0.008695652173913044, ""8"": 0.6434782608695652}"
